W,q,theta_p
30.0,0.01,2.498750624687662e-05
30.0,0.05,8.457309806635336e-05
30.0,0.1,0.00021989005497251646
30.0,0.15,0.0003065134099616896
30.0,0.2,0.000339458753595342
30.0,0.25,0.00034982508745627156
30.0,0.3,0.00039296591020729094
30.0,0.35000000000000003,0.00041773984802471136
30.0,0.4,0.0005130767949358775
30.0,0.45000000000000007,0.0008495752123937989
30.0,0.5,0.0008495752123938106
30.0,0.5499999999999999,0.0010994502748625696
30.0,0.6,0.0010994502748625696
30.0,0.65,0.0010994502748625696
30.0,0.7000000000000001,0.0010994502748625696
30.0,0.75,0.0010994502748625696
30.0,0.8,0.0010994502748625696
30.0,0.8500000000000001,0.0010994502748625696
30.0,0.9000000000000001,0.0010994502748625696
30.0,0.95,0.0010994502748625696
30.0,1.0,0.0010994502748625766
40.0,0.01,9.447065600785598e-06
40.0,0.05,5.470903677610091e-05
40.0,0.1,0.00010897994768962561
40.0,0.15,0.00016420935799955856
40.0,0.2,0.0002158125072474328
40.0,0.25,0.00021795989537925784
40.0,0.3,0.00022808187194484715
40.0,0.35000000000000003,0.0003443548335189309
40.0,0.4,0.0003829740671845899
40.0,0.45000000000000007,0.0003858140676828181
40.0,0.5,0.000532276950519437
40.0,0.5499999999999999,0.0005560339126702857
40.0,0.6,0.0005982064555918446
40.0,0.65,0.000614250614250623
40.0,0.7000000000000001,0.0006159286760921453
40.0,0.75,0.0006238162522923198
40.0,0.8,0.0006825586197402975
40.0,0.8500000000000001,0.0007628596338273863
40.0,0.9000000000000001,0.0010998206215113596
40.0,0.95,0.0012128780426389867
40.0,1.0,0.001213962389434254
50.0,0.01,7.0341553065632945e-06
50.0,0.05,4.2836202187404414e-05
50.0,0.1,5.7720819664046986e-05
50.0,0.15,0.00010551232959844796
50.0,0.2,0.00012065589279110929
50.0,0.25,0.00016560938552500698
50.0,0.3,0.00022044508618603232
50.0,0.35000000000000003,0.00027175417470144247
50.0,0.4,0.00028860104166944273
50.0,0.45000000000000007,0.00031821178767784823
50.0,0.5,0.000353117784120832
50.0,0.5499999999999999,0.00038101674577217126
50.0,0.6,0.00038101674577218167
50.0,0.65,0.00045190946476574907
50.0,0.7000000000000001,0.00047544263494180163
50.0,0.75,0.000581222943069889
50.0,0.8,0.0006074307613887119
50.0,0.8500000000000001,0.0006074307613887291
50.0,0.9000000000000001,0.0006528346768864577
50.0,0.95,0.0006577992979352121
50.0,1.0,0.0006824805446248844
60.0,0.01,1.0524907995778068e-05
60.0,0.05,3.207649251796855e-05
60.0,0.1,7.236325716397388e-05
60.0,0.15,8.75252087338563e-05
60.0,0.2,0.00011600583173148384
60.0,0.25,0.000159402626282026
60.0,0.3,0.0002118673396055122
60.0,0.35000000000000003,0.00024044999442303597
60.0,0.4,0.0002868630782708699
60.0,0.45000000000000007,0.00031551267890146185
60.0,0.5,0.00032786533889497154
60.0,0.5499999999999999,0.00037946493594184674
60.0,0.6,0.00039850656570508236
60.0,0.65,0.0004351048597927259
60.0,0.7000000000000001,0.00045490642827493547
60.0,0.75,0.00047262470401394403
60.0,0.8,0.0005498477344735352
60.0,0.8500000000000001,0.0005498477344735508
60.0,0.9000000000000001,0.0005988042232398948
60.0,0.95,0.0005998338921529665
60.0,1.0,0.0006398944189396612
70.0,0.01,1.2526045925859971e-05
70.0,0.05,3.545372984099293e-05
70.0,0.1,6.506864141280807e-05
70.0,0.15,9.37757119937525e-05
70.0,0.2,0.0001147646327846722
70.0,0.25,0.000131316959699237
70.0,0.3,0.00016216558049274188
70.0,0.35000000000000003,0.0001897344673305864
70.0,0.4,0.00019822537765902065
70.0,0.45000000000000007,0.00023568400962230754
70.0,0.5,0.0002821756029332626
70.0,0.5499999999999999,0.0003100535843016303
70.0,0.6,0.000318796752653293
70.0,0.65,0.00035020954094732674
70.0,0.7000000000000001,0.0003816288577931621
70.0,0.75,0.0004192378115156725
70.0,0.8,0.0004627610344570926
70.0,0.8500000000000001,0.0004777746015742408
70.0,0.9000000000000001,0.0004981113708644384
70.0,0.95,0.0005167068577780362
70.0,1.0,0.0005480941792308805
80.0,0.01,3.9618935899946315e-06
80.0,0.05,2.1931604560446623e-05
80.0,0.1,4.619616371004031e-05
80.0,0.15,7.796323519748657e-05
80.0,0.2,0.00010099837227196141
80.0,0.25,0.00012705402632026802
80.0,0.3,0.00014285491583963304
80.0,0.35000000000000003,0.00016480082372227558
80.0,0.4,0.00017330267917373322
80.0,0.45000000000000007,0.0001983085199505569
80.0,0.5,0.00022064064637522198
80.0,0.5499999999999999,0.00027134985250277583
80.0,0.6,0.0002745162272829859
80.0,0.65,0.00028588347575725424
80.0,0.7000000000000001,0.00031535704945293003
80.0,0.75,0.00033847064249026206
80.0,0.8,0.0003474830425274192
80.0,0.8500000000000001,0.00038196548837962543
80.0,0.9000000000000001,0.00041941331142241074
80.0,0.95,0.0004369926038992035
80.0,1.0,0.0004517464833939996
90.0,0.01,5.546473369201571e-06
90.0,0.05,2.0058376218972798e-05
90.0,0.1,3.564828821262887e-05
90.0,0.15,5.380751775557778e-05
90.0,0.2,7.530567753008081e-05
90.0,0.25,9.311103939162791e-05
90.0,0.3,0.00010500283584637922
90.0,0.35000000000000003,0.00014382217559512695
90.0,0.4,0.00015935490782627618
90.0,0.45000000000000007,0.0001715026075362283
90.0,0.5,0.00019924932073882737
90.0,0.5499999999999999,0.00021822510752488662
90.0,0.6,0.0002439771774077374
90.0,0.65,0.0002615927216991732
90.0,0.7000000000000001,0.00028431446851077437
90.0,0.75,0.0003285946350765787
90.0,0.8,0.0003367928376665777
90.0,0.8500000000000001,0.0003489672679022623
90.0,0.9000000000000001,0.00038542925804829645
90.0,0.95,0.0003976953889021005
90.0,1.0,0.0004163645596834155
100.0,0.01,2.9028817480702407e-06
100.0,0.05,1.9294720436349814e-05
100.0,0.1,4.154329353119416e-05
100.0,0.15,5.948988489701077e-05
100.0,0.2,8.304126656677445e-05
100.0,0.25,9.572337934247986e-05
100.0,0.3,0.00011557237069086036
100.0,0.35000000000000003,0.00013723308023715075
100.0,0.4,0.00014856729452496095
100.0,0.45000000000000007,0.00018305998611559766
100.0,0.5,0.00019398203568627087
100.0,0.5499999999999999,0.00020692939045625604
100.0,0.6,0.00021684275728599088
100.0,0.65,0.00024552318808393524
100.0,0.7000000000000001,0.00026772691287986673
100.0,0.75,0.00028743685809265397
100.0,0.8,0.0003187246026510187
100.0,0.8500000000000001,0.00032577427802307963
100.0,0.9000000000000001,0.0003426963924990946
100.0,0.95,0.00038205544663104884
100.0,1.0,0.0004042879822321841
110.0,0.01,3.7169274430980784e-06
110.0,0.05,1.9525993143477362e-05
110.0,0.1,3.7208459585957046e-05
110.0,0.15,5.206371899470692e-05
110.0,0.2,6.778415070495031e-05
110.0,0.25,9.204771364273476e-05
110.0,0.3,0.00010709329066334857
110.0,0.35000000000000003,0.00012473400169186512
110.0,0.4,0.0001391582872440542
110.0,0.45000000000000007,0.00016531076290504537
110.0,0.5,0.00018350472875622222
110.0,0.5499999999999999,0.00019400710993327893
110.0,0.6,0.00021240299448535194
110.0,0.65,0.00023245319806640652
110.0,0.7000000000000001,0.00024456170677940314
110.0,0.75,0.00026860271063655183
110.0,0.8,0.00028065150380669415
110.0,0.8500000000000001,0.0002867769166232159
110.0,0.9000000000000001,0.0003171004049814795
110.0,0.95,0.0003388871685034418
110.0,1.0,0.0003788970711449844
120.0,0.01,4.927780202557942e-06
120.0,0.05,1.7415750470451823e-05
120.0,0.1,3.368775878011289e-05
120.0,0.15,4.930440336562551e-05
120.0,0.2,5.9878018938122004e-05
120.0,0.25,8.525642483480451e-05
120.0,0.3,0.00010289716963522399
120.0,0.35000000000000003,0.0001247137001688335
120.0,0.4,0.00012958447622670173
120.0,0.45000000000000007,0.0001429932053460565
120.0,0.5,0.00016255581082838815
120.0,0.5499999999999999,0.000175717007594164
120.0,0.6,0.00020080814264475722
120.0,0.65,0.00021479631814936315
120.0,0.7000000000000001,0.00023015337707699038
120.0,0.75,0.0002493798256587323
120.0,0.8,0.0002612526122519521
120.0,0.8500000000000001,0.0002781705222847337
120.0,0.9000000000000001,0.0002977654422479242
120.0,0.95,0.00030885177102279326
120.0,1.0,0.000322398837850554
130.0,0.01,5.3253365036866155e-06
130.0,0.05,1.833261922089818e-05
130.0,0.1,3.2117144716490294e-05
130.0,0.15,4.751331492324551e-05
130.0,0.2,6.292198374267075e-05
130.0,0.25,7.634493375895652e-05
130.0,0.3,9.439717779707883e-05
130.0,0.35000000000000003,0.00010793916654483872
130.0,0.4,0.00011968747067941474
130.0,0.45000000000000007,0.00013975857884285464
130.0,0.5,0.00014910601919855323
130.0,0.5499999999999999,0.0001718127367351322
130.0,0.6,0.00018572723132330635
130.0,0.65,0.00020020142645411467
130.0,0.7000000000000001,0.0002129241390769684
130.0,0.75,0.00024097617972087287
130.0,0.8,0.00024676251705684437
130.0,0.8500000000000001,0.0002570490839472092
130.0,0.9000000000000001,0.0002636859078858043
130.0,0.95,0.0002890256295255899
130.0,1.0,0.00029962555755473776
140.0,0.01,2.904712558301974e-06
140.0,0.05,1.1999089744194172e-05
140.0,0.1,2.9440021930677014e-05
140.0,0.15,4.436252178861461e-05
140.0,0.2,5.976892807606622e-05
140.0,0.25,7.031520049197809e-05
140.0,0.3,8.548126344036176e-05
140.0,0.35000000000000003,0.0001035875722547168
140.0,0.4,0.00012394633321270696
140.0,0.45000000000000007,0.00013237239159965265
140.0,0.5,0.00014753981129523837
140.0,0.5499999999999999,0.0001525150834262408
140.0,0.6,0.00017206568013804216
140.0,0.65,0.00017552962359079137
140.0,0.7000000000000001,0.00019202060694604068
140.0,0.75,0.00021096261447403242
140.0,0.8,0.00023096420806528918
140.0,0.8500000000000001,0.00024375666884658278
140.0,0.9000000000000001,0.00025307861830945594
140.0,0.95,0.00026856252853834197
140.0,1.0,0.0002876135047774846
150.0,0.01,3.2356743797368345e-06
150.0,0.05,1.3282531976357345e-05
150.0,0.1,2.8552236676315106e-05
150.0,0.15,3.9566796807939854e-05
150.0,0.2,5.3888294531239814e-05
150.0,0.25,6.79975772063579e-05
150.0,0.3,8.243160573212484e-05
150.0,0.35000000000000003,0.00010278658593097803
150.0,0.4,0.00012674770292715428
150.0,0.45000000000000007,0.00014198021712991918
150.0,0.5,0.00014715841356766895
150.0,0.5499999999999999,0.00015151252732383317
150.0,0.6,0.00017433826603348274
150.0,0.65,0.00019309511505950777
150.0,0.7000000000000001,0.0001966578239690744
150.0,0.75,0.0002105629278747138
150.0,0.8,0.00022658640018006064
150.0,0.8500000000000001,0.00025537840555944205
150.0,0.9000000000000001,0.00026528239621548006
150.0,0.95,0.0002759291673746289
150.0,1.0,0.00028396858614122676
160.0,0.01,2.221512347702334e-06
160.0,0.05,1.4879428056894534e-05
160.0,0.1,3.276680718877698e-05
160.0,0.15,4.504714345854696e-05
160.0,0.2,5.944750751053992e-05
160.0,0.25,7.189135308582815e-05
160.0,0.3,8.889200448340268e-05
160.0,0.35000000000000003,0.00010876401117111953
160.0,0.4,0.00012069660025491662
160.0,0.45000000000000007,0.000137397707801015
160.0,0.5,0.00015646941553973894
160.0,0.5499999999999999,0.00016653514293312217
160.0,0.6,0.00017686201364076328
160.0,0.65,0.00018111329062643587
160.0,0.7000000000000001,0.00019687464049537745
160.0,0.75,0.00021589534663086975
160.0,0.8,0.00022394587709457177
160.0,0.8500000000000001,0.00023315222875854285
160.0,0.9000000000000001,0.0002573784385224127
160.0,0.95,0.00026506764613460525
160.0,1.0,0.0002795803427370417
170.0,0.01,2.5854410225486467e-06
170.0,0.05,1.1755307991364664e-05
170.0,0.1,2.5570522028862636e-05
170.0,0.15,4.025072178748998e-05
170.0,0.2,5.349232407254668e-05
170.0,0.25,6.916050107078863e-05
170.0,0.3,7.936921406036957e-05
170.0,0.35000000000000003,9.084707110627471e-05
170.0,0.4,0.00010907916123647541
170.0,0.45000000000000007,0.0001260736550839406
170.0,0.5,0.00014317856410333294
170.0,0.5499999999999999,0.00015395470627959482
170.0,0.6,0.00016358814266531868
170.0,0.65,0.00017507861188975174
170.0,0.7000000000000001,0.00018769822101438483
170.0,0.75,0.00019864539822460415
170.0,0.8,0.00021552334645191955
170.0,0.8500000000000001,0.0002286598437881125
170.0,0.9000000000000001,0.0002444325710322111
170.0,0.95,0.00024963353118993354
170.0,1.0,0.00027252627587818655
180.0,0.01,2.0823139256532093e-06
180.0,0.05,9.234143670525341e-06
180.0,0.1,2.0239672849774748e-05
180.0,0.15,3.09634054956903e-05
180.0,0.2,4.43350681553017e-05
180.0,0.25,5.327163046974849e-05
180.0,0.3,6.627140082677547e-05
180.0,0.35000000000000003,7.927398990881449e-05
180.0,0.4,8.855726610805372e-05
180.0,0.45000000000000007,0.00010142209779665655
180.0,0.5,0.00012261599260602834
180.0,0.5499999999999999,0.00013698557303634505
180.0,0.6,0.00014845466786790943
180.0,0.65,0.00016315389525586185
180.0,0.7000000000000001,0.00017719864203713442
180.0,0.75,0.00018747763340931935
180.0,0.8,0.00019200974697042528
180.0,0.8500000000000001,0.0002110798752491433
180.0,0.9000000000000001,0.00022930485509942974
180.0,0.95,0.00024035463381770272
180.0,1.0,0.00024751501252956166
190.0,0.01,1.7657274807351217e-06
190.0,0.05,1.0334394001938813e-05
190.0,0.1,2.0106312334003367e-05
190.0,0.15,3.37925270876688e-05
190.0,0.2,4.4766276364387793e-05
190.0,0.25,5.38091250750888e-05
190.0,0.3,6.444721022064691e-05
190.0,0.35000000000000003,7.384327551424256e-05
190.0,0.4,8.164700189513861e-05
190.0,0.45000000000000007,9.86149589649115e-05
190.0,0.5,0.0001093787950538435
190.0,0.5499999999999999,0.00012318552589301636
190.0,0.6,0.0001361656303541684
190.0,0.65,0.00015328644311107117
190.0,0.7000000000000001,0.00016626107896972365
190.0,0.75,0.000173824280775729
190.0,0.8,0.00019079744994808181
190.0,0.8500000000000001,0.00019976869381980525
190.0,0.9000000000000001,0.00020823329424289984
190.0,0.95,0.00022128226916725267
190.0,1.0,0.0002329444498991929
200.0,0.01,2.2049178194531747e-06
200.0,0.05,9.743734129295613e-06
200.0,0.1,1.9730944444760847e-05
200.0,0.15,3.169554311221027e-05
200.0,0.2,4.373421145911834e-05
200.0,0.25,5.547814105277849e-05
200.0,0.3,7.013860793712626e-05
200.0,0.35000000000000003,7.98817670074821e-05
200.0,0.4,9.153199558845386e-05
200.0,0.45000000000000007,0.00010457314179976117
200.0,0.5,0.00010963918765667923
200.0,0.5499999999999999,0.00012950130514187693
200.0,0.6,0.0001464034073085501
200.0,0.65,0.000155905828470326
200.0,0.7000000000000001,0.00016749887233534678
200.0,0.75,0.000181333032639442
200.0,0.8,0.00019056177869909623
200.0,0.8500000000000001,0.00019505402203503892
200.0,0.9000000000000001,0.00020398642190727094
200.0,0.95,0.00021767234567396403
200.0,1.0,0.00023499619909137057
210.0,0.01,2.597183164424328e-06
210.0,0.05,9.90962283926183e-06
210.0,0.1,2.288360017065945e-05
210.0,0.15,3.5538470667290716e-05
210.0,0.2,4.36460372732194e-05
210.0,0.25,5.351322155837289e-05
210.0,0.3,6.61990762615323e-05
210.0,0.35000000000000003,7.840220751956432e-05
210.0,0.4,8.72040438846244e-05
210.0,0.45000000000000007,0.00010393832141710015
210.0,0.5,0.00011086867628289958
210.0,0.5499999999999999,0.00012303215841818625
210.0,0.6,0.00013809596399814585
210.0,0.65,0.00015116718319291964
210.0,0.7000000000000001,0.0001618167198994501
210.0,0.75,0.0001750491709051146
210.0,0.8,0.00019119561782820842
210.0,0.8500000000000001,0.00020279312717722477
210.0,0.9000000000000001,0.00020712683471001738
210.0,0.95,0.00021192217163748468
210.0,1.0,0.0002236064530440484
220.0,0.01,1.0372054068641112e-06
220.0,0.05,9.84785753760048e-06
220.0,0.1,1.9434147945679332e-05
220.0,0.15,3.106267916612234e-05
220.0,0.2,4.331266141501145e-05
220.0,0.25,5.248331997001899e-05
220.0,0.3,6.51255176932509e-05
220.0,0.35000000000000003,7.653845364367986e-05
220.0,0.4,8.164806170020365e-05
220.0,0.45000000000000007,9.52819698333979e-05
220.0,0.5,0.0001097423598890889
220.0,0.5499999999999999,0.00011957584153376033
220.0,0.6,0.00012511889947829858
220.0,0.65,0.0001465131914893191
220.0,0.7000000000000001,0.00016260790408147548
220.0,0.75,0.00017267226479978251
220.0,0.8,0.00018396741479378945
220.0,0.8500000000000001,0.00019719713856363027
220.0,0.9000000000000001,0.00020504822233413517
220.0,0.95,0.00021375521708333545
220.0,1.0,0.00022422252343775665
230.0,0.01,2.36237050242741e-06
230.0,0.05,7.668865300955944e-06
230.0,0.1,1.6027239772714075e-05
230.0,0.15,2.4355005744595165e-05
230.0,0.2,3.47805981398333e-05
230.0,0.25,4.639043516647411e-05
230.0,0.3,5.6469094618679724e-05
230.0,0.35000000000000003,6.472476844910448e-05
230.0,0.4,7.601724381524165e-05
230.0,0.45000000000000007,8.490826399300504e-05
230.0,0.5,9.238492854460435e-05
230.0,0.5499999999999999,0.00010633776768183994
230.0,0.6,0.00012193210792937485
230.0,0.65,0.00013531292970643985
230.0,0.7000000000000001,0.00015205247786933694
230.0,0.75,0.00016231151014675687
230.0,0.8,0.00017360409091280574
230.0,0.8500000000000001,0.000188173175042094
230.0,0.9000000000000001,0.00020697030164325004
230.0,0.95,0.00021027358707712985
230.0,1.0,0.00021986136390416238
240.0,0.01,2.01795253055295e-06
240.0,0.05,9.082297103346947e-06
240.0,0.1,1.8938679520365467e-05
240.0,0.15,2.8703673493145015e-05
240.0,0.2,3.761185237021403e-05
240.0,0.25,4.635754400153364e-05
240.0,0.3,5.769465599116134e-05
240.0,0.35000000000000003,6.68639678585139e-05
240.0,0.4,7.59956363630633e-05
240.0,0.45000000000000007,8.537690730394433e-05
240.0,0.5,9.557083222061272e-05
240.0,0.5499999999999999,0.00011346833349547567
240.0,0.6,0.0001221193713198026
240.0,0.65,0.00013711180157067906
240.0,0.7000000000000001,0.0001473447042439178
240.0,0.75,0.00015881732279177287
240.0,0.8,0.00017671513716708783
240.0,0.8500000000000001,0.00018372445522294313
240.0,0.9000000000000001,0.00019392957591212628
240.0,0.95,0.00020138187709376547
240.0,1.0,0.0002120909189110134
250.0,0.01,2.2749464375077084e-06
250.0,0.05,9.143635336202417e-06
250.0,0.1,1.8724749400987607e-05
250.0,0.15,2.634958638247893e-05
250.0,0.2,3.6255078750039676e-05
250.0,0.25,4.776720019143463e-05
250.0,0.3,6.039181289458452e-05
250.0,0.35000000000000003,6.877659968382267e-05
250.0,0.4,7.72432602933349e-05
250.0,0.45000000000000007,8.531766397109125e-05
250.0,0.5,9.167856490433678e-05
250.0,0.5499999999999999,0.00010401132928946698
250.0,0.6,0.00011536341167197377
250.0,0.65,0.00012605278247700155
250.0,0.7000000000000001,0.0001371706007158107
250.0,0.75,0.0001492210798526578
250.0,0.8,0.00016117092657710498
250.0,0.8500000000000001,0.0001753915505398949
250.0,0.9000000000000001,0.00018419032762637594
250.0,0.95,0.00019066117084799003
250.0,1.0,0.0002094242241132069
260.0,0.01,1.6719825472907211e-06
260.0,0.05,8.370445889146741e-06
260.0,0.1,1.5668220392114673e-05
260.0,0.15,2.5212533621349865e-05
260.0,0.2,3.7474392346311284e-05
260.0,0.25,4.735528325096453e-05
260.0,0.3,5.832627116547757e-05
260.0,0.35000000000000003,6.944202757960359e-05
260.0,0.4,8.019927390346327e-05
260.0,0.45000000000000007,8.893521184719848e-05
260.0,0.5,9.658182825462553e-05
260.0,0.5499999999999999,0.00011224158201170674
260.0,0.6,0.00012313203572427299
260.0,0.65,0.00013637619048499495
260.0,0.7000000000000001,0.00014712907809598204
260.0,0.75,0.0001574822010951753
260.0,0.8,0.0001718965536360489
260.0,0.8500000000000001,0.0001810093360875519
260.0,0.9000000000000001,0.00018915228471088952
260.0,0.95,0.0002019634169139696
260.0,1.0,0.00020679641300640138
270.0,0.01,1.7633195618531414e-06
270.0,0.05,9.121428467351425e-06
270.0,0.1,1.8190790086920252e-05
270.0,0.15,2.5434303859695266e-05
270.0,0.2,3.4228575572019955e-05
270.0,0.25,4.331867813049227e-05
270.0,0.3,5.251943215909679e-05
270.0,0.35000000000000003,6.443354739947438e-05
270.0,0.4,7.255031635707738e-05
270.0,0.45000000000000007,7.994282270086601e-05
270.0,0.5,9.045630250233785e-05
270.0,0.5499999999999999,0.00010444207395137874
270.0,0.6,0.0001156812827047592
270.0,0.65,0.00012760188590175853
270.0,0.7000000000000001,0.00013870773976260015
270.0,0.75,0.00014819683094376628
270.0,0.8,0.00016072340098459352
270.0,0.8500000000000001,0.00017608159619624176
270.0,0.9000000000000001,0.0001830127654163402
270.0,0.95,0.0001895005177920786
270.0,1.0,0.00019886670747706181
280.0,0.01,2.0287398065851447e-06
280.0,0.05,1.0184390324154387e-05
280.0,0.1,1.703155474279789e-05
280.0,0.15,2.5814374244567906e-05
280.0,0.2,3.486861638331914e-05
280.0,0.25,4.26558029406252e-05
280.0,0.3,4.829341961589927e-05
280.0,0.35000000000000003,5.9128468776299605e-05
280.0,0.4,6.807055147683019e-05
280.0,0.45000000000000007,7.66051687706721e-05
280.0,0.5,8.573906406382312e-05
280.0,0.5499999999999999,9.238383186925797e-05
280.0,0.6,0.00010477824841016342
280.0,0.65,0.00011580068181711489
280.0,0.7000000000000001,0.00012619964213224366
280.0,0.75,0.000136268220903859
280.0,0.8,0.0001498382479704415
280.0,0.8500000000000001,0.00015752334314116768
280.0,0.9000000000000001,0.00017632668816200146
280.0,0.95,0.0001840421370545328
280.0,1.0,0.00019092107486401712
290.0,0.01,1.3925171294724265e-06
290.0,0.05,6.27559583487014e-06
290.0,0.1,1.3937287413706903e-05
290.0,0.15,2.284108919310148e-05
290.0,0.2,3.1489932846501606e-05
290.0,0.25,3.868654438206451e-05
290.0,0.3,4.9739180372903373e-05
290.0,0.35000000000000003,5.906236268815314e-05
290.0,0.4,6.6674330247083e-05
290.0,0.45000000000000007,7.911414086750194e-05
290.0,0.5,8.666902566135675e-05
290.0,0.5499999999999999,9.67547449366786e-05
290.0,0.6,0.00010839583811383229
290.0,0.65,0.00012168403113014413
290.0,0.7000000000000001,0.00013343794039754171
290.0,0.75,0.00014367088670751957
290.0,0.8,0.00015125687454970452
290.0,0.8500000000000001,0.0001663087468267502
290.0,0.9000000000000001,0.00018017060774921465
290.0,0.95,0.0001910003869020266
290.0,1.0,0.00019581264708792381
300.0,0.01,1.519112654654728e-06
300.0,0.05,7.123473203476332e-06
300.0,0.1,1.351736623555684e-05
300.0,0.15,2.182155509725429e-05
300.0,0.2,3.083974180855808e-05
300.0,0.25,4.0822829423129106e-05
300.0,0.3,5.02176292744157e-05
300.0,0.35000000000000003,5.95677721294071e-05
300.0,0.4,7.13438115329286e-05
300.0,0.45000000000000007,7.913548306130673e-05
300.0,0.5,8.61809290744322e-05
300.0,0.5499999999999999,9.305663444646078e-05
300.0,0.6,0.00010348057240748857
300.0,0.65,0.00011541626382927597
300.0,0.7000000000000001,0.00012961467859787452
300.0,0.75,0.00013981783712592216
300.0,0.8,0.00014822635753892642
300.0,0.8500000000000001,0.00015739756051111412
300.0,0.9000000000000001,0.0001686133525578865
300.0,0.95,0.0001842340357690923
300.0,1.0,0.000189891498595324
310.0,0.01,1.4069987549838537e-06
310.0,0.05,8.085501903006001e-06
310.0,0.1,1.5952157831780227e-05
310.0,0.15,2.4315553475810417e-05
310.0,0.2,3.395884702267491e-05
310.0,0.25,4.312685759356775e-05
310.0,0.3,5.0049125113575385e-05
310.0,0.35000000000000003,5.838265747438971e-05
310.0,0.4,6.633695144684294e-05
310.0,0.45000000000000007,7.666679125100648e-05
310.0,0.5,8.407723913375417e-05
310.0,0.5499999999999999,9.142861135342998e-05
310.0,0.6,0.00010053455752803764
310.0,0.65,0.00010933887778746968
310.0,0.7000000000000001,0.00012016250596556004
310.0,0.75,0.0001330297992866188
310.0,0.8,0.00014342157059805415
310.0,0.8500000000000001,0.0001512058257674685
310.0,0.9000000000000001,0.00016034821249930704
310.0,0.95,0.00017652448561951992
310.0,1.0,0.00018837748794336257
320.0,0.01,1.746038688356977e-06
320.0,0.05,6.116303540782286e-06
320.0,0.1,1.548534663750718e-05
320.0,0.15,2.3534442692454328e-05
320.0,0.2,3.542408169612696e-05
320.0,0.25,4.278050716152348e-05
320.0,0.3,4.977997262990064e-05
320.0,0.35000000000000003,5.955199916460308e-05
320.0,0.4,6.818154311590241e-05
320.0,0.45000000000000007,7.559773686395401e-05
320.0,0.5,8.305633673739735e-05
320.0,0.5499999999999999,8.821366449063667e-05
320.0,0.6,9.52679616880325e-05
320.0,0.65,0.00010503057194460499
320.0,0.7000000000000001,0.00011107452537330713
320.0,0.75,0.00012568037066408778
320.0,0.8,0.00013428814625696602
320.0,0.8500000000000001,0.00014477756518989804
320.0,0.9000000000000001,0.00015110996999601582
320.0,0.95,0.00015992941960795586
320.0,1.0,0.00016988082191546577
330.0,0.01,1.3543175398773528e-06
330.0,0.05,5.096168048018164e-06
330.0,0.1,1.2112095403715398e-05
330.0,0.15,2.026822693209554e-05
330.0,0.2,2.7418367159096e-05
330.0,0.25,3.600647052740742e-05
330.0,0.3,4.645161438290709e-05
330.0,0.35000000000000003,5.2348225473401425e-05
330.0,0.4,6.1564762130247e-05
330.0,0.45000000000000007,7.092957244226503e-05
330.0,0.5,8.033004112332873e-05
330.0,0.5499999999999999,8.522266779138315e-05
330.0,0.6,9.174172519186751e-05
330.0,0.65,0.00010231921887714362
330.0,0.7000000000000001,0.00011033775549778449
330.0,0.75,0.0001207842891230164
330.0,0.8,0.00013076508565303523
330.0,0.8500000000000001,0.0001378864315430999
330.0,0.9000000000000001,0.00015167192702310921
330.0,0.95,0.0001620471252601176
330.0,1.0,0.0001691354432768352
340.0,0.01,1.6761167745529033e-06
340.0,0.05,7.406511863722961e-06
340.0,0.1,1.528140482480183e-05
340.0,0.15,2.3433366537398693e-05
340.0,0.2,3.243572744903564e-05
340.0,0.25,4.099550539167748e-05
340.0,0.3,4.529132487087289e-05
340.0,0.35000000000000003,5.5194464587490664e-05
340.0,0.4,6.370911499385566e-05
340.0,0.45000000000000007,7.213324362696921e-05
340.0,0.5,8.036425961655905e-05
340.0,0.5499999999999999,8.926330330487391e-05
340.0,0.6,9.619448810922088e-05
340.0,0.65,0.00010409768189759696
340.0,0.7000000000000001,0.00011299855441684928
340.0,0.75,0.0001256613710741196
340.0,0.8,0.00013293452014803074
340.0,0.8500000000000001,0.00014322331397202022
340.0,0.9000000000000001,0.0001548288452540232
340.0,0.95,0.0001601666679117637
340.0,1.0,0.0001694813390471818
350.0,0.01,7.62335904168462e-07
350.0,0.05,6.737950084406347e-06
350.0,0.1,1.387149585430496e-05
350.0,0.15,2.207707729583058e-05
350.0,0.2,3.062328193540667e-05
350.0,0.25,3.923770042007872e-05
350.0,0.3,4.942785501158355e-05
350.0,0.35000000000000003,5.3912235833129014e-05
350.0,0.4,6.171671418767432e-05
350.0,0.45000000000000007,7.286975094211467e-05
350.0,0.5,7.991035152267785e-05
350.0,0.5499999999999999,8.851190121655363e-05
350.0,0.6,9.603819386910763e-05
350.0,0.65,0.00010331200818331564
350.0,0.7000000000000001,0.00011299422108178436
350.0,0.75,0.0001236534073255986
350.0,0.8,0.00012986059107945728
350.0,0.8500000000000001,0.00013619118957110927
350.0,0.9000000000000001,0.0001506852367428923
350.0,0.95,0.00015852911698788693
350.0,1.0,0.00016398544674011968
360.0,0.01,1.4000951304171301e-06
360.0,0.05,6.7998821081857744e-06
360.0,0.1,1.402754561511843e-05
360.0,0.15,2.2517601939320377e-05
360.0,0.2,2.9092054904024854e-05
360.0,0.25,3.59685192651201e-05
360.0,0.3,4.4628765899916934e-05
360.0,0.35000000000000003,5.0956700441840676e-05
360.0,0.4,6.124081378633261e-05
360.0,0.45000000000000007,6.820985002534736e-05
360.0,0.5,7.806774116020971e-05
360.0,0.5499999999999999,8.550305993538016e-05
360.0,0.6,9.272407774385095e-05
360.0,0.65,0.00010360268404323769
360.0,0.7000000000000001,0.00011133909884425274
360.0,0.75,0.0001199193247076595
360.0,0.8,0.00013531695319195664
360.0,0.8500000000000001,0.00014428143324907158
360.0,0.9000000000000001,0.00015071634635165725
360.0,0.95,0.00015947900287647618
360.0,1.0,0.00016955549807797171
370.0,0.01,9.532738947650055e-07
370.0,0.05,6.0083480095567265e-06
370.0,0.1,1.6362735359639687e-05
370.0,0.15,2.490559295525593e-05
370.0,0.2,3.225039826962714e-05
370.0,0.25,3.886240289207225e-05
370.0,0.3,4.728202054249692e-05
370.0,0.35000000000000003,5.5788870064575036e-05
370.0,0.4,6.423797540739788e-05
370.0,0.45000000000000007,7.197919023060722e-05
370.0,0.5,8.066465257791567e-05
370.0,0.5499999999999999,8.948738610743424e-05
370.0,0.6,9.409489181764175e-05
370.0,0.65,0.00010086197350471787
370.0,0.7000000000000001,0.00010973311134746434
370.0,0.75,0.00012358183120620583
370.0,0.8,0.00013307603309589965
370.0,0.8500000000000001,0.00014421772950599257
370.0,0.9000000000000001,0.0001526750003245732
370.0,0.95,0.00016466204459403811
370.0,1.0,0.00017692295365906473
380.0,0.01,7.222689506301695e-07
380.0,0.05,7.383766030833628e-06
380.0,0.1,1.4410800010783071e-05
380.0,0.15,2.1070668693593587e-05
380.0,0.2,2.7187135812812174e-05
380.0,0.25,3.3301759332644565e-05
380.0,0.3,4.360318736311155e-05
380.0,0.35000000000000003,5.0355103808041564e-05
380.0,0.4,5.523997853744041e-05
380.0,0.45000000000000007,6.47806754924667e-05
380.0,0.5,7.502372731296326e-05
380.0,0.5499999999999999,8.353559522956699e-05
380.0,0.6,9.23747112119818e-05
380.0,0.65,9.872239569714929e-05
380.0,0.7000000000000001,0.00010782050805803495
380.0,0.75,0.0001181939205820605
380.0,0.8,0.00012732160092861544
380.0,0.8500000000000001,0.00014000528731422082
380.0,0.9000000000000001,0.00015285489854270515
380.0,0.95,0.00015925577757871742
380.0,1.0,0.00017138273191321583
390.0,0.01,2.3387849228977127e-06
390.0,0.05,8.049007178924776e-06
390.0,0.1,1.5759847911557437e-05
390.0,0.15,2.5123175355549525e-05
390.0,0.2,3.397781438744251e-05
390.0,0.25,4.1441342932756904e-05
390.0,0.3,4.870263213831996e-05
390.0,0.35000000000000003,5.624761705103893e-05
390.0,0.4,6.474338835296418e-05
390.0,0.45000000000000007,7.167828005776543e-05
390.0,0.5,7.961811906036653e-05
390.0,0.5499999999999999,8.74040869846262e-05
390.0,0.6,9.483936635469978e-05
390.0,0.65,0.00010081983639220553
390.0,0.7000000000000001,0.00010917305462249665
390.0,0.75,0.00012043045371096518
390.0,0.8,0.00012792324038588196
390.0,0.8500000000000001,0.00013690879450971562
390.0,0.9000000000000001,0.00014751505617086622
390.0,0.95,0.00015639567040573346
390.0,1.0,0.00016500798231190394
400.0,0.01,2.171318535842838e-06
400.0,0.05,7.509778638557827e-06
400.0,0.1,1.405591556452158e-05
400.0,0.15,2.0115391375904128e-05
400.0,0.2,2.5688887066982974e-05
400.0,0.25,3.6075066034521705e-05
400.0,0.3,4.3817217654937074e-05
400.0,0.35000000000000003,5.19108904993425e-05
400.0,0.4,5.9379075783277184e-05
400.0,0.45000000000000007,6.715121565828967e-05
400.0,0.5,7.831272026277343e-05
400.0,0.5499999999999999,8.652245333926238e-05
400.0,0.6,8.988454525330801e-05
400.0,0.65,9.910777117850655e-05
400.0,0.7000000000000001,0.0001045453604824056
400.0,0.75,0.00011634416739388464
400.0,0.8,0.00012499647454656773
400.0,0.8500000000000001,0.0001324578616601282
400.0,0.9000000000000001,0.0001439780032428431
400.0,0.95,0.00015252129791248174
400.0,1.0,0.000161088223986246
410.0,0.01,1.4346586834073012e-06
410.0,0.05,6.110787538171877e-06
410.0,0.1,1.1688944403204477e-05
410.0,0.15,1.9050866296652322e-05
410.0,0.2,2.641066617993332e-05
410.0,0.25,3.514326275237993e-05
410.0,0.3,4.3026134991873356e-05
410.0,0.35000000000000003,5.3574230463996214e-05
410.0,0.4,6.050324883606995e-05
410.0,0.45000000000000007,6.87977766207553e-05
410.0,0.5,7.76702887540716e-05
410.0,0.5499999999999999,8.418170132820088e-05
410.0,0.6,9.142294352374392e-05
410.0,0.65,9.93786122658208e-05
410.0,0.7000000000000001,0.00010377350529649536
410.0,0.75,0.00011313447554210905
410.0,0.8,0.00012314978909766262
410.0,0.8500000000000001,0.00013107299962814063
410.0,0.9000000000000001,0.0001448133629817818
410.0,0.95,0.0001540364379764495
410.0,1.0,0.00016157182945117178
420.0,0.01,1.5288425382371864e-06
420.0,0.05,7.721556733251417e-06
420.0,0.1,1.4903079882164285e-05
420.0,0.15,2.173952832478129e-05
420.0,0.2,2.7820588069906774e-05
420.0,0.25,3.7080509575705346e-05
420.0,0.3,4.5367907706906466e-05
420.0,0.35000000000000003,5.232378887696305e-05
420.0,0.4,5.958688775868929e-05
420.0,0.45000000000000007,6.756159850922535e-05
420.0,0.5,7.84009123550114e-05
420.0,0.5499999999999999,8.823251067755437e-05
420.0,0.6,9.36670070477954e-05
420.0,0.65,0.00010029698181958755
420.0,0.7000000000000001,0.00010807635801307332
420.0,0.75,0.00011865524218370154
420.0,0.8,0.00012754278253954254
420.0,0.8500000000000001,0.0001360889258347811
420.0,0.9000000000000001,0.00014353184205588652
420.0,0.95,0.00015062941128915383
420.0,1.0,0.00016440946507981897
430.0,0.01,1.3330767776862959e-06
430.0,0.05,6.125442506434955e-06
430.0,0.1,1.2900209014295025e-05
430.0,0.15,1.9771987463156183e-05
430.0,0.2,2.7363684275601532e-05
430.0,0.25,3.543267802609343e-05
430.0,0.3,4.5521325551045804e-05
430.0,0.35000000000000003,5.1035668863156927e-05
430.0,0.4,5.70436738158128e-05
430.0,0.45000000000000007,6.552845987928864e-05
430.0,0.5,7.147147944267806e-05
430.0,0.5499999999999999,7.906296362591685e-05
430.0,0.6,8.714898798424825e-05
430.0,0.65,9.427066846387828e-05
430.0,0.7000000000000001,0.00010126524414330837
430.0,0.75,0.0001085086309131943
430.0,0.8,0.00011667970227171635
430.0,0.8500000000000001,0.00012887380567119263
430.0,0.9000000000000001,0.0001381297348022194
430.0,0.95,0.00014687251399537994
430.0,1.0,0.00015719017926064718
440.0,0.01,9.080449668584235e-07
440.0,0.05,6.753535535763523e-06
440.0,0.1,1.2879366334420042e-05
440.0,0.15,1.997202724852427e-05
440.0,0.2,2.60619239153675e-05
440.0,0.25,3.162625855374516e-05
440.0,0.3,3.999472105390735e-05
440.0,0.35000000000000003,4.750197842880932e-05
440.0,0.4,5.4237466691668806e-05
440.0,0.45000000000000007,6.025537680399228e-05
440.0,0.5,6.901540761639851e-05
440.0,0.5499999999999999,8.076411863762048e-05
440.0,0.6,8.914639653422796e-05
440.0,0.65,9.568127006099227e-05
440.0,0.7000000000000001,0.00010198177559155806
440.0,0.75,0.000111766789866787
440.0,0.8,0.00012262828368606707
440.0,0.8500000000000001,0.00012939266008024752
440.0,0.9000000000000001,0.0001377682153862192
440.0,0.95,0.00014484450267380464
440.0,1.0,0.00015621845955961163
450.0,0.01,1.60426058577453e-06
450.0,0.05,5.688235045710219e-06
450.0,0.1,1.1072288129048374e-05
450.0,0.15,1.6821655673034134e-05
450.0,0.2,2.2940008915209436e-05
450.0,0.25,2.9350455951790106e-05
450.0,0.3,3.918321792213857e-05
450.0,0.35000000000000003,4.7275871370349706e-05
450.0,0.4,5.275857817122273e-05
450.0,0.45000000000000007,5.9194788371224513e-05
450.0,0.5,6.685159061993619e-05
450.0,0.5499999999999999,7.400445252624296e-05
450.0,0.6,8.030945801196602e-05
450.0,0.65,9.167901963151739e-05
450.0,0.7000000000000001,9.87742597475276e-05
450.0,0.75,0.00010213418662308634
450.0,0.8,0.00011020033392677461
450.0,0.8500000000000001,0.0001162667055110424
450.0,0.9000000000000001,0.00012957602722881158
450.0,0.95,0.00014336339939232843
450.0,1.0,0.00015132998070875532
460.0,0.01,1.4633343516623033e-06
460.0,0.05,6.190926671164412e-06
460.0,0.1,1.4082381419777368e-05
460.0,0.15,2.0348475482682587e-05
460.0,0.2,2.7430061991605388e-05
460.0,0.25,3.247128361241714e-05
460.0,0.3,4.0140886554300355e-05
460.0,0.35000000000000003,4.860336880215397e-05
460.0,0.4,5.613802516784217e-05
460.0,0.45000000000000007,6.201464679994658e-05
460.0,0.5,7.130847308967457e-05
460.0,0.5499999999999999,8.023960921674495e-05
460.0,0.6,8.795070168176679e-05
460.0,0.65,9.353932605954063e-05
460.0,0.7000000000000001,9.844726560950804e-05
460.0,0.75,0.00010464481864845175
460.0,0.8,0.00011492476127923061
460.0,0.8500000000000001,0.00012038170107031143
460.0,0.9000000000000001,0.00012981862135216066
460.0,0.95,0.000138029018764443
460.0,1.0,0.00014677513037274234
470.0,0.01,1.2248237297238027e-06
470.0,0.05,5.579341929256852e-06
470.0,0.1,1.3151052124241111e-05
470.0,0.15,1.9445529367613876e-05
470.0,0.2,2.7831095766657372e-05
470.0,0.25,3.523880981276626e-05
470.0,0.3,4.586911743379216e-05
470.0,0.35000000000000003,5.081253804209257e-05
470.0,0.4,5.549907353120723e-05
470.0,0.45000000000000007,6.165248301907408e-05
470.0,0.5,7.068952824254292e-05
470.0,0.5499999999999999,7.73234266535664e-05
470.0,0.6,8.631895717786438e-05
470.0,0.65,9.268728180662776e-05
470.0,0.7000000000000001,0.00010098552544248109
470.0,0.75,0.0001079289823094591
470.0,0.8,0.00011388776047150151
470.0,0.8500000000000001,0.00012129978443638089
470.0,0.9000000000000001,0.00013009529247806325
470.0,0.95,0.0001379672341511786
470.0,1.0,0.0001453229554330909
480.0,0.01,1.3828516140195683e-06
480.0,0.05,6.493871575845254e-06
480.0,0.1,1.1549932693662476e-05
480.0,0.15,1.757032597953613e-05
480.0,0.2,2.380872190863944e-05
480.0,0.25,2.817083711942886e-05
480.0,0.3,3.3882515647021384e-05
480.0,0.35000000000000003,4.1866533188711283e-05
480.0,0.4,4.798433479596348e-05
480.0,0.45000000000000007,5.385708399226759e-05
480.0,0.5,6.0625909088560835e-05
480.0,0.5499999999999999,6.989955275808484e-05
480.0,0.6,7.891971403578792e-05
480.0,0.65,8.662612864854351e-05
480.0,0.7000000000000001,9.200835113895051e-05
480.0,0.75,9.989966378775184e-05
480.0,0.8,0.00010414220860433595
480.0,0.8500000000000001,0.000109309280395794
480.0,0.9000000000000001,0.0001192354117277403
480.0,0.95,0.0001264003263370871
480.0,1.0,0.00013173198993740598
490.0,0.01,1.3888841734985147e-06
490.0,0.05,5.388147717694915e-06
490.0,0.1,1.0903237609100261e-05
490.0,0.15,1.7054992697521627e-05
490.0,0.2,2.453391136559666e-05
490.0,0.25,3.0551965203565394e-05
490.0,0.3,3.8017034595632056e-05
490.0,0.35000000000000003,4.5352829772227195e-05
490.0,0.4,5.2282942111352126e-05
490.0,0.45000000000000007,5.6541737187905575e-05
490.0,0.5,6.443419783750566e-05
490.0,0.5499999999999999,7.342639703988465e-05
490.0,0.6,8.11387669487064e-05
490.0,0.65,9.133647919026666e-05
490.0,0.7000000000000001,9.877387464041494e-05
490.0,0.75,0.00010304606995731977
490.0,0.8,0.00010750086112953187
490.0,0.8500000000000001,0.00011710688436478572
490.0,0.9000000000000001,0.0001250624836255751
490.0,0.95,0.00013468667203062566
490.0,1.0,0.00014464926345338102
500.0,0.01,9.668519152256207e-07
500.0,0.05,4.819874986381708e-06
500.0,0.1,1.2230330134417989e-05
500.0,0.15,1.9534950731980342e-05
500.0,0.2,2.6584929155519494e-05
500.0,0.25,3.282886483758645e-05
500.0,0.3,3.951062241369335e-05
500.0,0.35000000000000003,4.480238335717128e-05
500.0,0.4,5.3186250115925565e-05
500.0,0.45000000000000007,5.777545732850313e-05
500.0,0.5,6.382494820096652e-05
500.0,0.5499999999999999,7.32310507091972e-05
500.0,0.6,7.98670379454589e-05
500.0,0.65,8.837306020273138e-05
500.0,0.7000000000000001,9.48105486369525e-05
500.0,0.75,0.0001026054783762034
500.0,0.8,0.00010844680170696753
500.0,0.8500000000000001,0.00011725501091504132
500.0,0.9000000000000001,0.0001243889149405991
500.0,0.95,0.00013176343269052443
500.0,1.0,0.0001409901516097772
510.0,0.01,1.850466516356745e-06
510.0,0.05,5.892542863711224e-06
510.0,0.1,1.1683410237798066e-05
510.0,0.15,1.8264839625013352e-05
510.0,0.2,2.564626417626933e-05
510.0,0.25,3.1414715462927226e-05
510.0,0.3,3.702025461038011e-05
510.0,0.35000000000000003,4.406451733465741e-05
510.0,0.4,5.1092942351256806e-05
510.0,0.45000000000000007,5.638301276606566e-05
510.0,0.5,6.377017265367553e-05
510.0,0.5499999999999999,7.181607906847366e-05
510.0,0.6,8.026482335743207e-05
510.0,0.65,8.720622363829482e-05
510.0,0.7000000000000001,9.391472727207241e-05
510.0,0.75,0.00010149473450083122
510.0,0.8,0.00010819794416856474
510.0,0.8500000000000001,0.00011419341757808845
510.0,0.9000000000000001,0.00012480861367334973
510.0,0.95,0.00013269811936179058
510.0,1.0,0.00014052156392098392
520.0,0.01,9.08178924280266e-07
520.0,0.05,5.9601699599749545e-06
520.0,0.1,1.252366056598221e-05
520.0,0.15,1.9419314560917375e-05
520.0,0.2,2.4601588489981586e-05
520.0,0.25,2.9455912279588994e-05
520.0,0.3,3.645322209991188e-05
520.0,0.35000000000000003,4.292201732901626e-05
520.0,0.4,5.0996887052779325e-05
520.0,0.45000000000000007,5.515656291594456e-05
520.0,0.5,6.294513916209809e-05
520.0,0.5499999999999999,7.136513428298299e-05
520.0,0.6,7.692039343584617e-05
520.0,0.65,8.325476783699012e-05
520.0,0.7000000000000001,9.172792465703024e-05
520.0,0.75,9.985996071760805e-05
520.0,0.8,0.00010413644170757252
520.0,0.8500000000000001,0.00010918379179662932
520.0,0.9000000000000001,0.0001183941401111718
520.0,0.95,0.00012507017370707717
520.0,1.0,0.00013335792741299104
530.0,0.01,7.932172603740859e-07
530.0,0.05,6.269561740915472e-06
530.0,0.1,1.0790811265387342e-05
530.0,0.15,1.897906281555378e-05
530.0,0.2,2.611498051046594e-05
530.0,0.25,3.10166801136818e-05
530.0,0.3,3.739645137651938e-05
530.0,0.35000000000000003,4.46840841093283e-05
530.0,0.4,5.1975036643478856e-05
530.0,0.45000000000000007,5.726129948564534e-05
530.0,0.5,6.388119932745236e-05
530.0,0.5499999999999999,7.208100369214615e-05
530.0,0.6,8.016861860287872e-05
530.0,0.65,8.907065287560319e-05
530.0,0.7000000000000001,9.516669158403593e-05
530.0,0.75,0.00010358823148351459
530.0,0.8,0.00010694241883047198
530.0,0.8500000000000001,0.00011564319013043884
530.0,0.9000000000000001,0.0001256815053610214
530.0,0.95,0.00013445468553046938
530.0,1.0,0.00014406443423393088
540.0,0.01,1.353306654976707e-06
540.0,0.05,5.914731914397994e-06
540.0,0.1,1.2677462302618578e-05
540.0,0.15,1.9415381002288383e-05
540.0,0.2,2.621349299670696e-05
540.0,0.25,3.276770680106934e-05
540.0,0.3,3.9760634748879243e-05
540.0,0.35000000000000003,4.6941300004547e-05
540.0,0.4,5.252150243514455e-05
540.0,0.45000000000000007,5.910161585023468e-05
540.0,0.5,6.63711171686301e-05
540.0,0.5499999999999999,7.381560318221343e-05
540.0,0.6,8.00949064134272e-05
540.0,0.65,8.727867883312207e-05
540.0,0.7000000000000001,9.295113112290215e-05
540.0,0.75,9.977513827382432e-05
540.0,0.8,0.0001033632591737987
540.0,0.8500000000000001,0.00010914382846405614
540.0,0.9000000000000001,0.00011637317135029033
540.0,0.95,0.00012675897875577094
540.0,1.0,0.00013470723060892548
550.0,0.01,1.3860659078511464e-06
550.0,0.05,5.643800812755282e-06
550.0,0.1,1.1605161241384758e-05
550.0,0.15,1.6182888925632232e-05
550.0,0.2,2.2060756842776644e-05
550.0,0.25,2.8397307429073144e-05
550.0,0.3,3.543191411228097e-05
550.0,0.35000000000000003,4.325264376547817e-05
550.0,0.4,5.0149680803034475e-05
550.0,0.45000000000000007,5.663326213491144e-05
550.0,0.5,6.25393545880165e-05
550.0,0.5499999999999999,7.067392919082483e-05
550.0,0.6,8.04177307994528e-05
550.0,0.65,8.587615164738893e-05
550.0,0.7000000000000001,9.40557343530441e-05
550.0,0.75,0.00010167861505248321
550.0,0.8,0.00010662822038349902
550.0,0.8500000000000001,0.00011245330396472905
550.0,0.9000000000000001,0.00012159426333828042
550.0,0.95,0.00012872980610320703
550.0,1.0,0.0001377556069756215
560.0,0.01,1.7814263427541957e-06
560.0,0.05,6.550660938943088e-06
560.0,0.1,1.3088085336125957e-05
560.0,0.15,1.8013402865713163e-05
560.0,0.2,2.35790788220842e-05
560.0,0.25,2.8767825772581896e-05
560.0,0.3,3.360527299922049e-05
560.0,0.35000000000000003,4.054915482159098e-05
560.0,0.4,4.7082968941162454e-05
560.0,0.45000000000000007,5.4419330720973375e-05
560.0,0.5,6.06559511834531e-05
560.0,0.5499999999999999,6.68089694850462e-05
560.0,0.6,7.586603495689084e-05
560.0,0.65,8.363970824981678e-05
560.0,0.7000000000000001,9.068882766133537e-05
560.0,0.75,9.589280138050024e-05
560.0,0.8,0.00010374369770948933
560.0,0.8500000000000001,0.00010751585966615866
560.0,0.9000000000000001,0.00011558970031351235
560.0,0.95,0.00012419234902700556
560.0,1.0,0.00013155808217720047
570.0,0.01,7.784725776409771e-07
570.0,0.05,4.5974256826820386e-06
570.0,0.1,1.0399526076048899e-05
570.0,0.15,1.573619113584806e-05
570.0,0.2,2.1543355261061095e-05
570.0,0.25,2.7099747229071573e-05
570.0,0.3,3.2237690385262633e-05
570.0,0.35000000000000003,3.843606460010789e-05
570.0,0.4,4.722872191670554e-05
570.0,0.45000000000000007,5.591437622675114e-05
570.0,0.5,6.0044319330494627e-05
570.0,0.5499999999999999,6.747242324946885e-05
570.0,0.6,7.501220787272552e-05
570.0,0.65,8.212099683356568e-05
570.0,0.7000000000000001,9.142823005986278e-05
570.0,0.75,9.895431093607764e-05
570.0,0.8,0.00010565338901136546
570.0,0.8500000000000001,0.0001100081317335355
570.0,0.9000000000000001,0.00011344169113422454
570.0,0.95,0.00012406628131948733
570.0,1.0,0.0001314094565084816
580.0,0.01,1.0146802184612717e-06
580.0,0.05,5.5709875915468175e-06
580.0,0.1,1.128905902595521e-05
580.0,0.15,1.6755728492286926e-05
580.0,0.2,2.383537738179639e-05
580.0,0.25,2.854614658243306e-05
580.0,0.3,3.4564219995222244e-05
580.0,0.35000000000000003,4.061066166490263e-05
580.0,0.4,4.804241517585974e-05
580.0,0.45000000000000007,5.445393203600678e-05
580.0,0.5,5.937315992352853e-05
580.0,0.5499999999999999,6.420206230369047e-05
580.0,0.6,7.14897443033138e-05
580.0,0.65,7.94604779822837e-05
580.0,0.7000000000000001,8.671023020308808e-05
580.0,0.75,9.321853378398288e-05
580.0,0.8,0.00010218358952193315
580.0,0.8500000000000001,0.00010802756874036303
580.0,0.9000000000000001,0.00011382705440865429
580.0,0.95,0.00011917017333535513
580.0,1.0,0.00012645822319422436
590.0,0.01,1.0472226771482758e-06
590.0,0.05,5.279286957013392e-06
590.0,0.1,1.1516363408439056e-05
590.0,0.15,1.8790285882560976e-05
590.0,0.2,2.609095107694394e-05
590.0,0.25,3.26683572106743e-05
590.0,0.3,4.0154018846386984e-05
590.0,0.35000000000000003,4.808747848842064e-05
590.0,0.4,5.4269362478365416e-05
590.0,0.45000000000000007,6.007179197522315e-05
590.0,0.5,6.664091863927115e-05
590.0,0.5499999999999999,7.364368839811627e-05
590.0,0.6,8.053659610236247e-05
590.0,0.65,8.830465584438374e-05
590.0,0.7000000000000001,9.59734442824624e-05
590.0,0.75,0.00010134826386780786
590.0,0.8,0.00010664673660567708
590.0,0.8500000000000001,0.00011024228878620549
590.0,0.9000000000000001,0.00011572396805791268
590.0,0.95,0.00012280011231657363
590.0,1.0,0.000132923693338148
600.0,0.01,1.5817314847178207e-06
600.0,0.05,6.0429515460126875e-06
600.0,0.1,9.737277647059196e-06
600.0,0.15,1.4611587325757755e-05
600.0,0.2,2.0269861959743136e-05
600.0,0.25,2.486655133788863e-05
600.0,0.3,3.1036900121904874e-05
600.0,0.35000000000000003,3.819841406084334e-05
600.0,0.4,4.4400846117060024e-05
600.0,0.45000000000000007,5.0795942774867205e-05
600.0,0.5,5.7583927769944035e-05
600.0,0.5499999999999999,6.42226699938168e-05
600.0,0.6,7.260735300982198e-05
600.0,0.65,8.040324201906388e-05
600.0,0.7000000000000001,8.811337701520531e-05
600.0,0.75,9.365211305755529e-05
600.0,0.8,0.00010198227892946155
600.0,0.8500000000000001,0.00010688119140230027
600.0,0.9000000000000001,0.00011114597575015085
600.0,0.95,0.00011819641078436062
600.0,1.0,0.000129927358833899
610.0,0.01,9.761543060284748e-07
610.0,0.05,5.546164378597898e-06
610.0,0.1,1.0774063792985269e-05
610.0,0.15,1.832484782140247e-05
610.0,0.2,2.356910779753986e-05
610.0,0.25,3.0200510696468678e-05
610.0,0.3,3.6294910736409155e-05
610.0,0.35000000000000003,4.30380583015123e-05
610.0,0.4,4.976155483449826e-05
610.0,0.45000000000000007,5.793098445974532e-05
610.0,0.5,6.458054410875867e-05
610.0,0.5499999999999999,7.023944824787029e-05
610.0,0.6,7.881079909962127e-05
610.0,0.65,8.706094638818723e-05
610.0,0.7000000000000001,9.60858854817326e-05
610.0,0.75,0.00010069593673978356
610.0,0.8,0.00010773603662118884
610.0,0.8500000000000001,0.00011396472612521456
610.0,0.9000000000000001,0.00011944638072906496
610.0,0.95,0.00012720428501960602
610.0,1.0,0.00013571995636581116
620.0,0.01,1.6786906421625736e-06
620.0,0.05,8.84128361409913e-06
620.0,0.1,1.5397448838357592e-05
620.0,0.15,2.194604029799557e-05
620.0,0.2,2.7988694433950617e-05
620.0,0.25,3.3564919867060485e-05
620.0,0.3,4.123948222349802e-05
620.0,0.35000000000000003,4.935596081779379e-05
620.0,0.4,5.5037884919155085e-05
620.0,0.45000000000000007,5.962009430464205e-05
620.0,0.5,6.656227984739191e-05
620.0,0.5499999999999999,7.23255907388385e-05
620.0,0.6,7.741439691468312e-05
620.0,0.65,8.466727912764406e-05
620.0,0.7000000000000001,9.208630932793112e-05
620.0,0.75,9.72105579377277e-05
620.0,0.8,0.00010310286340023696
620.0,0.8500000000000001,0.0001065762090770944
620.0,0.9000000000000001,0.00011243237431102302
620.0,0.95,0.00011945760984178634
620.0,1.0,0.00012797575621949873
630.0,0.01,9.118832269890796e-07
630.0,0.05,4.660989912738117e-06
630.0,0.1,1.0461155346834382e-05
630.0,0.15,1.6149076573060756e-05
630.0,0.2,2.2015052640761154e-05
630.0,0.25,2.8350763784672137e-05
630.0,0.3,3.4009875950846504e-05
630.0,0.35000000000000003,3.9798467124038805e-05
630.0,0.4,4.682354133809403e-05
630.0,0.45000000000000007,5.329933445809771e-05
630.0,0.5,6.012717127302916e-05
630.0,0.5499999999999999,6.779601701839524e-05
630.0,0.6,7.624913008532433e-05
630.0,0.65,8.391918334652707e-05
630.0,0.7000000000000001,9.13873772513513e-05
630.0,0.75,9.894505846631954e-05
630.0,0.8,0.00010726091782059783
630.0,0.8500000000000001,0.00011053069811021006
630.0,0.9000000000000001,0.00011643354532069679
630.0,0.95,0.00012274642163339906
630.0,1.0,0.00013306685610854608
640.0,0.01,1.306902351847465e-06
640.0,0.05,3.844556844985879e-06
640.0,0.1,9.989483721404229e-06
640.0,0.15,1.6311253686437237e-05
640.0,0.2,2.299444754350101e-05
640.0,0.25,2.8359670837542502e-05
640.0,0.3,3.363953105659918e-05
640.0,0.35000000000000003,4.0019657371447984e-05
640.0,0.4,4.684283081747966e-05
640.0,0.45000000000000007,5.1744718399025616e-05
640.0,0.5,5.904978067955855e-05
640.0,0.5499999999999999,6.471331907809602e-05
640.0,0.6,7.17142411582588e-05
640.0,0.65,7.83360321061216e-05
640.0,0.7000000000000001,8.702573051057431e-05
640.0,0.75,9.385768675074181e-05
640.0,0.8,0.00010098408694314417
640.0,0.8500000000000001,0.00010771485671300764
640.0,0.9000000000000001,0.00011290396396550636
640.0,0.95,0.00011784152598528846
640.0,1.0,0.00012523204521575185
650.0,0.01,8.108147293884283e-07
650.0,0.05,4.640372458700502e-06
650.0,0.1,9.827751589568793e-06
650.0,0.15,1.4445275668822682e-05
650.0,0.2,2.1843788973815483e-05
650.0,0.25,2.7412046288972392e-05
650.0,0.3,3.322052456888559e-05
650.0,0.35000000000000003,4.002078154332244e-05
650.0,0.4,4.6702190124554786e-05
650.0,0.45000000000000007,5.454124175318107e-05
650.0,0.5,5.9879902092623664e-05
650.0,0.5499999999999999,6.56421372310751e-05
650.0,0.6,7.266068147933775e-05
650.0,0.65,8.069061755006897e-05
650.0,0.7000000000000001,8.603691710641952e-05
650.0,0.75,9.417222337347036e-05
650.0,0.8,0.0001012933947014814
650.0,0.8500000000000001,0.00010917111331378236
650.0,0.9000000000000001,0.00011444535638536753
650.0,0.95,0.00011894398614056292
650.0,1.0,0.00012784948064748815
660.0,0.01,6.395298244689204e-07
660.0,0.05,4.0035692376297895e-06
660.0,0.1,9.525374835595926e-06
660.0,0.15,1.526782737192959e-05
660.0,0.2,2.1477587157402754e-05
660.0,0.25,2.5935811048522164e-05
660.0,0.3,3.2119530321093655e-05
660.0,0.35000000000000003,3.711955379832699e-05
660.0,0.4,4.352809221023643e-05
660.0,0.45000000000000007,4.9238765969821565e-05
660.0,0.5,5.428332392322732e-05
660.0,0.5499999999999999,5.983390541058093e-05
660.0,0.6,6.544784735793048e-05
660.0,0.65,7.290465070125974e-05
660.0,0.7000000000000001,8.035377573569911e-05
660.0,0.75,8.765976910314789e-05
660.0,0.8,9.304953538728452e-05
660.0,0.8500000000000001,9.838075077442062e-05
660.0,0.9000000000000001,0.00010473640229427243
660.0,0.95,0.0001082157035646014
660.0,1.0,0.00011220622322823481
670.0,0.01,1.4669216602142696e-06
670.0,0.05,5.434223373821592e-06
670.0,0.1,1.0359197725532025e-05
670.0,0.15,1.7123812660477278e-05
670.0,0.2,2.2419976969956493e-05
670.0,0.25,2.8536069192073626e-05
670.0,0.3,3.453323383518404e-05
670.0,0.35000000000000003,4.220303493887119e-05
670.0,0.4,4.9011264638494104e-05
670.0,0.45000000000000007,5.340385643861354e-05
670.0,0.5,5.7321654739387e-05
670.0,0.5499999999999999,6.275990785125416e-05
670.0,0.6,6.877219901653211e-05
670.0,0.65,7.523497480539529e-05
670.0,0.7000000000000001,8.219856363833174e-05
670.0,0.75,8.768135653184462e-05
670.0,0.8,9.614754800441038e-05
670.0,0.8500000000000001,0.00010171150988089833
670.0,0.9000000000000001,0.00010914194212503462
670.0,0.95,0.00011278557923951569
670.0,1.0,0.00012001025867441582
680.0,0.01,1.3108004556814673e-06
680.0,0.05,5.858276212592395e-06
680.0,0.1,1.1262273188919381e-05
680.0,0.15,1.6753921694842787e-05
680.0,0.2,2.1813218869551565e-05
680.0,0.25,2.6973089561025738e-05
680.0,0.3,3.2384369976821186e-05
680.0,0.35000000000000003,3.747163964331277e-05
680.0,0.4,4.346904072319493e-05
680.0,0.45000000000000007,4.800046147140767e-05
680.0,0.5,5.440234962851926e-05
680.0,0.5499999999999999,6.003760459871714e-05
680.0,0.6,6.652527155614236e-05
680.0,0.65,7.406914083144745e-05
680.0,0.7000000000000001,7.96572918730206e-05
680.0,0.75,8.683604515752727e-05
680.0,0.8,9.44075254295886e-05
680.0,0.8500000000000001,9.894434004975807e-05
680.0,0.9000000000000001,0.00010648168382035177
680.0,0.95,0.00010924462345765727
680.0,1.0,0.00011601080375786363
690.0,0.01,5.46424868617391e-07
690.0,0.05,5.596946507620785e-06
690.0,0.1,9.841038094475375e-06
690.0,0.15,1.4539004968067633e-05
690.0,0.2,1.93134241867259e-05
690.0,0.25,2.5215115725753055e-05
690.0,0.3,3.1312807583063574e-05
690.0,0.35000000000000003,3.5732194303655254e-05
690.0,0.4,4.327991642260095e-05
690.0,0.45000000000000007,5.1785897575997624e-05
690.0,0.5,5.647175143119047e-05
690.0,0.5499999999999999,6.330401056527918e-05
690.0,0.6,7.003046133731578e-05
690.0,0.65,7.600082605553451e-05
690.0,0.7000000000000001,8.31582380648118e-05
690.0,0.75,9.02595979641453e-05
690.0,0.8,9.750193625150649e-05
690.0,0.8500000000000001,0.00010236763997470945
690.0,0.9000000000000001,0.00010879458901301205
690.0,0.95,0.00011361578767985128
690.0,1.0,0.00012018124018430997
700.0,0.01,7.117022870247431e-07
700.0,0.05,3.5445047995000805e-06
700.0,0.1,8.832141772320442e-06
700.0,0.15,1.3503697460354844e-05
700.0,0.2,1.922367205425986e-05
700.0,0.25,2.559466394554345e-05
700.0,0.3,3.0240824885407476e-05
700.0,0.35000000000000003,3.4508889334711074e-05
700.0,0.4,4.101743412911384e-05
700.0,0.45000000000000007,4.7151191827206385e-05
700.0,0.5,5.3457402490833285e-05
700.0,0.5499999999999999,5.9563896359604805e-05
700.0,0.6,6.752595412889056e-05
700.0,0.65,7.598205537334793e-05
700.0,0.7000000000000001,8.123594972697121e-05
700.0,0.75,8.826429805110065e-05
700.0,0.8,9.366313160986266e-05
700.0,0.8500000000000001,9.799674952408397e-05
700.0,0.9000000000000001,0.00010499006185618785
700.0,0.95,0.00010897695997400926
700.0,1.0,0.00011323844864907582
710.0,0.01,8.395698964488291e-07
710.0,0.05,4.679067198048321e-06
710.0,0.1,1.0114969814325887e-05
710.0,0.15,1.4806828824386375e-05
710.0,0.2,2.1039661236236945e-05
710.0,0.25,2.6646880216709205e-05
710.0,0.3,3.2463580312721803e-05
710.0,0.35000000000000003,3.9089638541618775e-05
710.0,0.4,4.577872547309456e-05
710.0,0.45000000000000007,5.332472069768438e-05
710.0,0.5,5.7318349744824934e-05
710.0,0.5499999999999999,6.127137133345954e-05
710.0,0.6,6.877013911910578e-05
710.0,0.65,7.651482738561523e-05
710.0,0.7000000000000001,8.30756554037597e-05
710.0,0.75,8.934028888379524e-05
710.0,0.8,9.391214521105027e-05
710.0,0.8500000000000001,0.00010072568002609287
710.0,0.9000000000000001,0.00010821200291475482
710.0,0.95,0.00011133409328906205
710.0,1.0,0.00011757387542819347
720.0,0.01,1.1467516860395307e-06
720.0,0.05,5.379165799561831e-06
720.0,0.1,1.1443117090772584e-05
720.0,0.15,1.6922299282537888e-05
720.0,0.2,2.2404447796908106e-05
720.0,0.25,2.7420488588225872e-05
720.0,0.3,3.441033952598071e-05
720.0,0.35000000000000003,3.876522040727391e-05
720.0,0.4,4.387176564658048e-05
720.0,0.45000000000000007,5.097914525477062e-05
720.0,0.5,5.584657029246664e-05
720.0,0.5499999999999999,6.122011154980928e-05
720.0,0.6,6.818295786822555e-05
720.0,0.65,7.48152123085884e-05
720.0,0.7000000000000001,8.087625987306476e-05
720.0,0.75,8.898231109900621e-05
720.0,0.8,9.492491211041624e-05
720.0,0.8500000000000001,9.918017434689836e-05
720.0,0.9000000000000001,0.0001050209599354597
720.0,0.95,0.00011022947812676628
720.0,1.0,0.00011248055995475659
730.0,0.01,5.52140592614339e-07
730.0,0.05,4.657989081756286e-06
730.0,0.1,9.773534889621813e-06
730.0,0.15,1.537735856142885e-05
730.0,0.2,2.1864202016604965e-05
730.0,0.25,2.625602244002865e-05
730.0,0.3,3.201794813198192e-05
730.0,0.35000000000000003,3.8940644897384785e-05
730.0,0.4,4.49561630787011e-05
730.0,0.45000000000000007,5.293019920648467e-05
730.0,0.5,5.701517809744276e-05
730.0,0.5499999999999999,6.168086350645677e-05
730.0,0.6,6.865428341307516e-05
730.0,0.65,7.58778677947469e-05
730.0,0.7000000000000001,8.135944972014359e-05
730.0,0.75,8.676451749907797e-05
730.0,0.8,9.376291923658942e-05
730.0,0.8500000000000001,0.00010017336301760013
730.0,0.9000000000000001,0.00010826937314706723
730.0,0.95,0.00011381892043977538
730.0,1.0,0.00012015727754758785
740.0,0.01,8.271348024137038e-07
740.0,0.05,4.504146440720082e-06
740.0,0.1,1.0119611338413805e-05
740.0,0.15,1.617725766175542e-05
740.0,0.2,2.211025038418631e-05
740.0,0.25,2.6202346248263057e-05
740.0,0.3,3.204920582746823e-05
740.0,0.35000000000000003,3.886981109003363e-05
740.0,0.4,4.5570856737229126e-05
740.0,0.45000000000000007,5.210340819260708e-05
740.0,0.5,5.6450437399314274e-05
740.0,0.5499999999999999,6.290085853974174e-05
740.0,0.6,6.938906955089182e-05
740.0,0.65,7.633335185045618e-05
740.0,0.7000000000000001,8.186770168959875e-05
740.0,0.75,9.047092202000479e-05
740.0,0.8,9.689537797029055e-05
740.0,0.8500000000000001,0.00010435402036540276
740.0,0.9000000000000001,0.00010941173190175734
740.0,0.95,0.00011202377990313577
740.0,1.0,0.00011725545871000191
750.0,0.01,7.273691512452958e-07
750.0,0.05,3.793392004323139e-06
750.0,0.1,9.326262307092674e-06
750.0,0.15,1.3914925123126393e-05
750.0,0.2,1.808964736560696e-05
750.0,0.25,2.376000382729147e-05
750.0,0.3,2.963822477024813e-05
750.0,0.35000000000000003,3.4427488532660114e-05
750.0,0.4,4.001876508108796e-05
750.0,0.45000000000000007,4.6557179577437015e-05
750.0,0.5,5.3940727822015616e-05
750.0,0.5499999999999999,5.8930389091952566e-05
750.0,0.6,6.53344638324622e-05
750.0,0.65,7.101189244142908e-05
750.0,0.7000000000000001,7.67624821278144e-05
750.0,0.75,8.31439977814953e-05
750.0,0.8,9.033649341554743e-05
750.0,0.8500000000000001,9.644568097884012e-05
750.0,0.9000000000000001,0.00010212714231487272
750.0,0.95,0.00011134524956664061
750.0,1.0,0.0001158777978188254
760.0,0.01,1.5054897623029106e-06
760.0,0.05,4.6765519823462916e-06
760.0,0.1,9.39556233140962e-06
760.0,0.15,1.4578799800925512e-05
760.0,0.2,2.0332074241798383e-05
760.0,0.25,2.6123628451620954e-05
760.0,0.3,3.2099496627668574e-05
760.0,0.35000000000000003,3.872488666329835e-05
760.0,0.4,4.403911388267948e-05
760.0,0.45000000000000007,5.035266618274895e-05
760.0,0.5,5.544589174789812e-05
760.0,0.5499999999999999,6.224415691524239e-05
760.0,0.6,6.793801155827127e-05
760.0,0.65,7.5521811879787e-05
760.0,0.7000000000000001,8.135246265698525e-05
760.0,0.75,8.811080939493621e-05
760.0,0.8,9.358324162486099e-05
760.0,0.8500000000000001,9.980401592026239e-05
760.0,0.9000000000000001,0.00010695383572338472
760.0,0.95,0.0001110300609741098
760.0,1.0,0.00011603691629353042
770.0,0.01,1.674989337245995e-06
770.0,0.05,6.36936950566334e-06
770.0,0.1,1.2004795090802015e-05
770.0,0.15,1.607937132739357e-05
770.0,0.2,2.1540193078378664e-05
770.0,0.25,2.6171950754212898e-05
770.0,0.3,3.129489519515608e-05
770.0,0.35000000000000003,3.540480306715894e-05
770.0,0.4,4.181685586729088e-05
770.0,0.45000000000000007,4.749413791880717e-05
770.0,0.5,5.38424168033402e-05
770.0,0.5499999999999999,5.951565549950753e-05
770.0,0.6,6.3959150493385e-05
770.0,0.65,7.005125623856526e-05
770.0,0.7000000000000001,7.815502014214034e-05
770.0,0.75,8.437122114469921e-05
770.0,0.8,9.20766517268831e-05
770.0,0.8500000000000001,9.844729470337984e-05
770.0,0.9000000000000001,0.00010340202393946126
770.0,0.95,0.00011012568366173903
770.0,1.0,0.00011493440905278938
780.0,0.01,1.0483155035717902e-06
780.0,0.05,5.226553447954049e-06
780.0,0.1,1.0909965561265605e-05
780.0,0.15,1.621607220232997e-05
780.0,0.2,2.1084079837933932e-05
780.0,0.25,2.593606616198099e-05
780.0,0.3,3.105800964539346e-05
780.0,0.35000000000000003,3.694095104692646e-05
780.0,0.4,4.2306573836707045e-05
780.0,0.45000000000000007,4.9320558889649786e-05
780.0,0.5,5.623498592482124e-05
780.0,0.5499999999999999,6.040868598841624e-05
780.0,0.6,6.699716665707831e-05
780.0,0.65,7.165996864040896e-05
780.0,0.7000000000000001,7.827208395103868e-05
780.0,0.75,8.343504916538474e-05
780.0,0.8,9.070951986414224e-05
780.0,0.8500000000000001,9.658807105960706e-05
780.0,0.9000000000000001,0.00010307670840539874
780.0,0.95,0.00010911349671203446
780.0,1.0,0.00011332962100703968
790.0,0.01,5.255110157973259e-07
790.0,0.05,4.2587791246826246e-06
790.0,0.1,8.738105317394586e-06
790.0,0.15,1.5572673767675793e-05
790.0,0.2,2.059556932016079e-05
790.0,0.25,2.3950195022322543e-05
790.0,0.3,2.9197088393450157e-05
790.0,0.35000000000000003,3.3298349481984034e-05
790.0,0.4,3.920389253730407e-05
790.0,0.45000000000000007,4.5970637131954456e-05
790.0,0.5,5.110580063689178e-05
790.0,0.5499999999999999,5.59933572740374e-05
790.0,0.6,6.152451446037914e-05
790.0,0.65,6.671103231896144e-05
790.0,0.7000000000000001,7.331748309852686e-05
790.0,0.75,7.91508661365012e-05
790.0,0.8,8.64350806736282e-05
790.0,0.8500000000000001,9.188156547400646e-05
790.0,0.9000000000000001,9.865420592003047e-05
790.0,0.95,0.00010385806871872869
790.0,1.0,0.00010866550391164794
800.0,0.01,1.2501891584163213e-06
800.0,0.05,5.391144938702529e-06
800.0,0.1,9.391126763467321e-06
800.0,0.15,1.373080904865564e-05
800.0,0.2,1.9860650420311102e-05
800.0,0.25,2.367519558987762e-05
800.0,0.3,2.8868912720725912e-05
800.0,0.35000000000000003,3.484344306886801e-05
800.0,0.4,4.164156265210699e-05
800.0,0.45000000000000007,4.6143183428929776e-05
800.0,0.5,5.430184206673117e-05
800.0,0.5499999999999999,5.943503417745071e-05
800.0,0.6,6.37357909501725e-05
800.0,0.65,7.05443614927192e-05
800.0,0.7000000000000001,7.730563108418035e-05
800.0,0.75,8.162915588474102e-05
800.0,0.8,8.638148856923101e-05
800.0,0.8500000000000001,9.42389394682108e-05
800.0,0.9000000000000001,0.00010020706938289389
800.0,0.95,0.00010944236871229991
800.0,1.0,0.00011373185272436959
810.0,0.01,8.542623708838758e-07
810.0,0.05,5.12660925097445e-06
810.0,0.1,1.0419333719326824e-05
810.0,0.15,1.420911720203438e-05
810.0,0.2,1.9553392906967575e-05
810.0,0.25,2.498013987479928e-05
810.0,0.3,2.992118444988439e-05
810.0,0.35000000000000003,3.504722218083742e-05
810.0,0.4,4.1610232483942745e-05
810.0,0.45000000000000007,4.770153722925594e-05
810.0,0.5,5.234451026297294e-05
810.0,0.5499999999999999,5.854373576422882e-05
810.0,0.6,6.539800920861823e-05
810.0,0.65,7.030896481326065e-05
810.0,0.7000000000000001,7.56488367555542e-05
810.0,0.75,8.333222206673254e-05
810.0,0.8,9.001384228574707e-05
810.0,0.8500000000000001,9.435225104233252e-05
810.0,0.9000000000000001,0.00010008065117464454
810.0,0.95,0.00010568545788842337
810.0,1.0,0.00011102214176800636
820.0,0.01,7.184744699555884e-07
820.0,0.05,4.8111947668192635e-06
820.0,0.1,9.783821614197373e-06
820.0,0.15,1.5366519284633504e-05
820.0,0.2,2.129909437844991e-05
820.0,0.25,2.678757053487631e-05
820.0,0.3,3.2161669839611986e-05
820.0,0.35000000000000003,3.748091262346682e-05
820.0,0.4,4.4657869731564345e-05
820.0,0.45000000000000007,5.068740745665422e-05
820.0,0.5,5.646317280877553e-05
820.0,0.5499999999999999,6.241342872362686e-05
820.0,0.6,6.96171446979304e-05
820.0,0.65,7.563484620045549e-05
820.0,0.7000000000000001,8.304739204592522e-05
820.0,0.75,8.967106857384994e-05
820.0,0.8,9.707112787730466e-05
820.0,0.8500000000000001,0.00010232160522131589
820.0,0.9000000000000001,0.00010729398756440818
820.0,0.95,0.0001124032428039934
820.0,1.0,0.00011766250130675446
830.0,0.01,6.019461453851798e-07
830.0,0.05,4.5097072927838155e-06
830.0,0.1,9.492230064074814e-06
830.0,0.15,1.497622504838673e-05
830.0,0.2,2.0535926046706134e-05
830.0,0.25,2.528683759193578e-05
830.0,0.3,2.9947461836623655e-05
830.0,0.35000000000000003,3.489469034941901e-05
830.0,0.4,4.059534053201651e-05
830.0,0.45000000000000007,4.665857877642487e-05
830.0,0.5,5.382179519997051e-05
830.0,0.5499999999999999,5.8411571136840946e-05
830.0,0.6,6.410430856399676e-05
830.0,0.65,6.965909607802815e-05
830.0,0.7000000000000001,7.855003754214672e-05
830.0,0.75,8.441670316684911e-05
830.0,0.8,9.28221850958178e-05
830.0,0.8500000000000001,9.783769694147546e-05
830.0,0.9000000000000001,0.0001052718712930168
830.0,0.95,0.00011096121102660942
830.0,1.0,0.00011491572770834618
840.0,0.01,7.132300244016223e-07
840.0,0.05,4.343213178517412e-06
840.0,0.1,8.65219865033887e-06
840.0,0.15,1.3191667311816546e-05
840.0,0.2,1.7619090104383514e-05
840.0,0.25,2.270262590021121e-05
840.0,0.3,2.7141496986238e-05
840.0,0.35000000000000003,3.259795431115441e-05
840.0,0.4,3.824432943160361e-05
840.0,0.45000000000000007,4.426523560454023e-05
840.0,0.5,4.966015570786799e-05
840.0,0.5499999999999999,5.6544017121826336e-05
840.0,0.6,6.251799883979877e-05
840.0,0.65,6.901487003381023e-05
840.0,0.7000000000000001,7.337741049297098e-05
840.0,0.75,8.144961777366932e-05
840.0,0.8,8.61384880093132e-05
840.0,0.8500000000000001,9.253454923446127e-05
840.0,0.9000000000000001,9.76761799198684e-05
840.0,0.95,0.00010516448460948358
840.0,1.0,0.00011108924052878976
850.0,0.01,8.697795508108616e-07
850.0,0.05,5.361607092095836e-06
850.0,0.1,1.0268976030623526e-05
850.0,0.15,1.4180784524929712e-05
850.0,0.2,2.1414809975751396e-05
850.0,0.25,2.5788741354898746e-05
850.0,0.3,3.1872684099893415e-05
850.0,0.35000000000000003,3.5991797632032426e-05
850.0,0.4,4.365260237779353e-05
850.0,0.45000000000000007,4.92927966678041e-05
850.0,0.5,5.521633723926952e-05
850.0,0.5499999999999999,6.139054320853616e-05
850.0,0.6,6.557860966336728e-05
850.0,0.65,7.286732765590354e-05
850.0,0.7000000000000001,7.899672810884736e-05
850.0,0.75,8.465378358750398e-05
850.0,0.8,9.226826029987422e-05
850.0,0.8500000000000001,9.75815434260674e-05
850.0,0.9000000000000001,0.00010319341657353767
850.0,0.95,0.00010829326178421365
850.0,1.0,0.00011302561550884522
860.0,0.01,6.455073073954373e-07
860.0,0.05,4.065354472010505e-06
860.0,0.1,8.963030606474702e-06
860.0,0.15,1.4000669314736374e-05
860.0,0.2,1.873632966794559e-05
860.0,0.25,2.3563128904428375e-05
860.0,0.3,2.8713169746464014e-05
860.0,0.35000000000000003,3.443272151908455e-05
860.0,0.4,3.954823032336639e-05
860.0,0.45000000000000007,4.442489475011312e-05
860.0,0.5,5.036261893784796e-05
860.0,0.5499999999999999,5.6670658468762525e-05
860.0,0.6,6.31627241228535e-05
860.0,0.65,6.749699153916987e-05
860.0,0.7000000000000001,7.429995085205724e-05
860.0,0.75,8.177636945893298e-05
860.0,0.8,8.744236170485016e-05
860.0,0.8500000000000001,9.44097107788242e-05
860.0,0.9000000000000001,0.00010121102802942724
860.0,0.95,0.00010857325655168272
860.0,1.0,0.0001137593438343762
870.0,0.01,5.665244641901868e-07
870.0,0.05,4.167264564038308e-06
870.0,0.1,8.410457494315881e-06
870.0,0.15,1.2707895070476347e-05
870.0,0.2,1.741302673217956e-05
870.0,0.25,2.218219227606719e-05
870.0,0.3,2.6837567385232395e-05
870.0,0.35000000000000003,3.248485159771325e-05
870.0,0.4,3.7051657289907596e-05
870.0,0.45000000000000007,4.35416998709274e-05
870.0,0.5,4.957233961659718e-05
870.0,0.5499999999999999,5.565107599786128e-05
870.0,0.6,6.015858456303337e-05
870.0,0.65,6.776542359514274e-05
870.0,0.7000000000000001,7.116794873805163e-05
870.0,0.75,7.829041718968891e-05
870.0,0.8,8.524078464021717e-05
870.0,0.8500000000000001,9.068892487275672e-05
870.0,0.9000000000000001,9.653578391977283e-05
870.0,0.95,0.00010113084346641058
870.0,1.0,0.00010883824172842218
880.0,0.01,1.10245309488874e-06
880.0,0.05,4.535337025436293e-06
880.0,0.1,8.982432411133897e-06
880.0,0.15,1.3280828274530781e-05
880.0,0.2,1.7738027541415175e-05
880.0,0.25,2.3312385483262694e-05
880.0,0.3,2.7803849669404172e-05
880.0,0.35000000000000003,3.322785416217619e-05
880.0,0.4,3.8004906022137486e-05
880.0,0.45000000000000007,4.5390761240617136e-05
880.0,0.5,5.159682761855266e-05
880.0,0.5499999999999999,5.676749876886844e-05
880.0,0.6,6.212555180304344e-05
880.0,0.65,6.573672832679915e-05
880.0,0.7000000000000001,7.083026699815834e-05
880.0,0.75,7.612067703890534e-05
880.0,0.8,8.279801134584931e-05
880.0,0.8500000000000001,8.794608651885979e-05
880.0,0.9000000000000001,9.426483297366542e-05
880.0,0.95,9.959064249392632e-05
880.0,1.0,0.00010498094511041559
890.0,0.01,1.0967791723684185e-06
890.0,0.05,4.221438160240605e-06
890.0,0.1,7.786299125314641e-06
890.0,0.15,1.4137094287251785e-05
890.0,0.2,1.9020843467426845e-05
890.0,0.25,2.304018467289822e-05
890.0,0.3,2.7320501019005152e-05
890.0,0.35000000000000003,3.412148004499389e-05
890.0,0.4,3.9863827397077875e-05
890.0,0.45000000000000007,4.6285370787928195e-05
890.0,0.5,5.329895499250879e-05
890.0,0.5499999999999999,5.9850192287751644e-05
890.0,0.6,6.350567399949162e-05
890.0,0.65,7.053926948434911e-05
890.0,0.7000000000000001,7.491924783348676e-05
890.0,0.75,8.129541182205934e-05
890.0,0.8,8.636563930228822e-05
890.0,0.8500000000000001,9.376170709795213e-05
890.0,0.9000000000000001,9.942997589410855e-05
890.0,0.95,0.00010435259273951957
890.0,1.0,0.00011111062735622667
900.0,0.01,1.4095145826985993e-06
900.0,0.05,5.715340733874032e-06
900.0,0.1,1.00943462607171e-05
900.0,0.15,1.567016778989822e-05
900.0,0.2,2.137344720393137e-05
900.0,0.25,2.7104615272826845e-05
900.0,0.3,3.291646855768661e-05
900.0,0.35000000000000003,3.7616791856297744e-05
900.0,0.4,4.2835133361207405e-05
900.0,0.45000000000000007,4.851833978114327e-05
900.0,0.5,5.502201300590814e-05
900.0,0.5499999999999999,6.092239401909103e-05
900.0,0.6,6.510847802640346e-05
900.0,0.65,6.813943094467986e-05
900.0,0.7000000000000001,7.527832611950033e-05
900.0,0.75,8.435123597532243e-05
900.0,0.8,8.979948448106719e-05
900.0,0.8500000000000001,9.433082869354927e-05
900.0,0.9000000000000001,9.975328141767395e-05
900.0,0.95,0.00010665176907507331
900.0,1.0,0.0001114973588640891
910.0,0.01,4.357425891867307e-07
910.0,0.05,3.578772520022783e-06
910.0,0.1,9.035387798448809e-06
910.0,0.15,1.3530110660023395e-05
910.0,0.2,1.7228429022936926e-05
910.0,0.25,2.2650723927886104e-05
910.0,0.3,2.682617971031063e-05
910.0,0.35000000000000003,3.2168871241412166e-05
910.0,0.4,3.666392956789484e-05
910.0,0.45000000000000007,4.338200272525126e-05
910.0,0.5,4.6775045403515324e-05
910.0,0.5499999999999999,5.23331135532498e-05
910.0,0.6,5.742780915077337e-05
910.0,0.65,6.298248320999509e-05
910.0,0.7000000000000001,6.994612590395633e-05
910.0,0.75,7.455152422591846e-05
910.0,0.8,8.199197267977587e-05
910.0,0.8500000000000001,8.739592221098789e-05
910.0,0.9000000000000001,9.394102567626236e-05
910.0,0.95,9.848480732535712e-05
910.0,1.0,0.0001026239321673644
920.0,0.01,6.576185386243436e-07
920.0,0.05,3.2287111966167023e-06
920.0,0.1,8.9204652946138e-06
920.0,0.15,1.3071310198270254e-05
920.0,0.2,1.8583110375937477e-05
920.0,0.25,2.435991194756636e-05
920.0,0.3,3.0481584206677312e-05
920.0,0.35000000000000003,3.519054951755454e-05
920.0,0.4,4.2450176039407927e-05
920.0,0.45000000000000007,4.783690964450716e-05
920.0,0.5,5.325432583520844e-05
920.0,0.5499999999999999,5.7933945209199656e-05
920.0,0.6,6.462902544193267e-05
920.0,0.65,6.993791194406884e-05
920.0,0.7000000000000001,7.820325436470837e-05
920.0,0.75,8.351607945149445e-05
920.0,0.8,8.906010036475472e-05
920.0,0.8500000000000001,9.493761131432992e-05
920.0,0.9000000000000001,0.0001006987667263965
920.0,0.95,0.00010809012404648167
920.0,1.0,0.0001120162679010126
930.0,0.01,8.573825833896849e-07
930.0,0.05,4.4447236300281955e-06
930.0,0.1,9.851604942446301e-06
930.0,0.15,1.4529905714686993e-05
930.0,0.2,2.083976487857233e-05
930.0,0.25,2.485201044779024e-05
930.0,0.3,2.9066233082363258e-05
930.0,0.35000000000000003,3.5248349052081664e-05
930.0,0.4,3.992504934676894e-05
930.0,0.45000000000000007,4.607485080475252e-05
930.0,0.5,5.216466034985513e-05
930.0,0.5499999999999999,5.786671712405381e-05
930.0,0.6,6.370257178907648e-05
930.0,0.65,7.046134762175822e-05
930.0,0.7000000000000001,7.558228741429722e-05
930.0,0.75,8.26166346472209e-05
930.0,0.8,8.886676897509036e-05
930.0,0.8500000000000001,9.698809241552769e-05
930.0,0.9000000000000001,0.0001005909322819974
930.0,0.95,0.00010612220942721831
930.0,1.0,0.00011212126244895895
940.0,0.01,7.906882804840028e-07
940.0,0.05,3.682775339876099e-06
940.0,0.1,9.011916395406882e-06
940.0,0.15,1.3584724632244195e-05
940.0,0.2,1.8156054631855873e-05
940.0,0.25,2.4211137587136863e-05
940.0,0.3,2.8308606175884672e-05
940.0,0.35000000000000003,3.2884478638338144e-05
940.0,0.4,3.7013380499534434e-05
940.0,0.45000000000000007,4.268935083850281e-05
940.0,0.5,4.753824833977507e-05
940.0,0.5499999999999999,5.38656977650072e-05
940.0,0.6,5.858942461173818e-05
940.0,0.65,6.651397182173931e-05
940.0,0.7000000000000001,7.098159579409168e-05
940.0,0.75,7.733984922075124e-05
940.0,0.8,8.277112550163012e-05
940.0,0.8500000000000001,8.934336182397165e-05
940.0,0.9000000000000001,9.405620252491589e-05
940.0,0.95,9.828054554484105e-05
940.0,1.0,0.0001013908801024595
950.0,0.01,6.838122685991904e-07
950.0,0.05,3.237324052595911e-06
950.0,0.1,8.193573669246525e-06
950.0,0.15,1.2573715731045547e-05
950.0,0.2,1.718093245532278e-05
950.0,0.25,2.2584270904623877e-05
950.0,0.3,2.7793612836687687e-05
950.0,0.35000000000000003,3.293756197997397e-05
950.0,0.4,3.8045530860335494e-05
950.0,0.45000000000000007,4.4291848819376725e-05
950.0,0.5,4.982308582570597e-05
950.0,0.5499999999999999,5.515878679127992e-05
950.0,0.6,5.928574771063908e-05
950.0,0.65,6.431839905552849e-05
950.0,0.7000000000000001,6.902707727939434e-05
950.0,0.75,7.561906760123228e-05
950.0,0.8,8.199333192818718e-05
950.0,0.8500000000000001,8.733202537206759e-05
950.0,0.9000000000000001,9.223880108524265e-05
950.0,0.95,9.927646212274277e-05
950.0,1.0,0.00010423265381624729
960.0,0.01,6.406732930293152e-07
960.0,0.05,4.392199847824484e-06
960.0,0.1,9.244728737773613e-06
960.0,0.15,1.353343203214348e-05
960.0,0.2,1.7181684959155354e-05
960.0,0.25,2.2763123349681413e-05
960.0,0.3,2.7309649802198498e-05
960.0,0.35000000000000003,3.173520633316257e-05
960.0,0.4,3.7300810426744626e-05
960.0,0.45000000000000007,4.321628450798275e-05
960.0,0.5,4.7829867653254974e-05
960.0,0.5499999999999999,5.20368025885181e-05
960.0,0.6,5.7334653453163857e-05
960.0,0.65,6.376153247096268e-05
960.0,0.7000000000000001,6.974069778054268e-05
960.0,0.75,7.58300129447022e-05
960.0,0.8,8.141386551680105e-05
960.0,0.8500000000000001,8.686459750426576e-05
960.0,0.9000000000000001,9.133342128045884e-05
960.0,0.95,9.720642898617394e-05
960.0,1.0,0.00010117340755425147
970.0,0.01,9.524798098188738e-07
970.0,0.05,4.528515130901501e-06
970.0,0.1,9.387102723514909e-06
970.0,0.15,1.4212812520733401e-05
970.0,0.2,2.0265994177389186e-05
970.0,0.25,2.5841908512791147e-05
970.0,0.3,3.0052610416245263e-05
970.0,0.35000000000000003,3.620767173724956e-05
970.0,0.4,4.138045205063305e-05
970.0,0.45000000000000007,4.850875513768111e-05
970.0,0.5,5.486760157800146e-05
970.0,0.5499999999999999,5.7995501938404214e-05
970.0,0.6,6.514694771692687e-05
970.0,0.65,6.959685499546308e-05
970.0,0.7000000000000001,7.436704324308621e-05
970.0,0.75,8.22614555825443e-05
970.0,0.8,8.813682863320137e-05
970.0,0.8500000000000001,9.332267442569701e-05
970.0,0.9000000000000001,9.933534131054876e-05
970.0,0.95,0.00010494724313444271
970.0,1.0,0.0001112508542137231
980.0,0.01,7.458576760266859e-07
980.0,0.05,4.493724227274081e-06
980.0,0.1,8.984838211352806e-06
980.0,0.15,1.3926847101905138e-05
980.0,0.2,2.006682836799556e-05
980.0,0.25,2.523035220915916e-05
980.0,0.3,3.057281281399944e-05
980.0,0.35000000000000003,3.572182682887006e-05
980.0,0.4,4.062006363729557e-05
980.0,0.45000000000000007,4.665313873893228e-05
980.0,0.5,5.257689138896881e-05
980.0,0.5499999999999999,5.832193762606256e-05
980.0,0.6,6.341341785757493e-05
980.0,0.65,6.976346185309365e-05
980.0,0.7000000000000001,7.374561336822219e-05
980.0,0.75,7.893320179855187e-05
980.0,0.8,8.583060056615216e-05
980.0,0.8500000000000001,9.216948953070938e-05
980.0,0.9000000000000001,9.86196292300907e-05
980.0,0.95,0.00010350549279885219
980.0,1.0,0.00011104575876384
990.0,0.01,6.174369049534678e-07
990.0,0.05,4.209236384810389e-06
990.0,0.1,8.607672282990103e-06
990.0,0.15,1.405910203889335e-05
990.0,0.2,1.9154642671433052e-05
990.0,0.25,2.3930527259307656e-05
990.0,0.3,2.7372508621657776e-05
990.0,0.35000000000000003,3.308266051287433e-05
990.0,0.4,3.781696282826671e-05
990.0,0.45000000000000007,4.2035984670939444e-05
990.0,0.5,4.775933538764607e-05
990.0,0.5499999999999999,5.423939456384833e-05
990.0,0.6,5.80560473325144e-05
990.0,0.65,6.240938116148306e-05
990.0,0.7000000000000001,6.728512810834125e-05
990.0,0.75,7.327347680659742e-05
990.0,0.8,7.788188324464865e-05
990.0,0.8500000000000001,8.420495097476258e-05
990.0,0.9000000000000001,9.12063885679043e-05
990.0,0.95,9.716884855672116e-05
990.0,1.0,0.00010111929152857169
1000.0,0.01,100.0
1000.0,0.05,100.0
1000.0,0.1,100.0
1000.0,0.15,100.0
1000.0,0.2,100.0
1000.0,0.25,100.0
1000.0,0.3,100.0
1000.0,0.35000000000000003,100.0
1000.0,0.4,100.0
1000.0,0.45000000000000007,100.0
1000.0,0.5,100.0
1000.0,0.5499999999999999,100.0
1000.0,0.6,100.0
1000.0,0.65,100.0
1000.0,0.7000000000000001,100.0
1000.0,0.75,100.0
1000.0,0.8,100.0
1000.0,0.8500000000000001,100.0
1000.0,0.9000000000000001,100.0
1000.0,0.95,100.0
1000.0,1.0,100.0
